First Name ,Last Name,Email,Phone NumberNick,Maxwell,nick@sportslabinc.com,360-259-3173Noman,Ahmad,noman@sportslabinc.com,415-298-0011Ryan ,Perkins,ryan@sportslabinc.com,360-789-6050Breck ,Philip,breck@sportslabinc.com,Ilkner,Bayrak,ilknuraydogdu@gmail.com,Andres,Navarro,arnavarro@gmail.com,